riskAllele	pValue	pValueAnnotation	riskFrequency	orValue	beta	ci	mappedGenes	traitName	efoTraits	bgTraits	accessionId	locations	pubmedId	author
rs7563201-A	4E-10	-	0.45	-	"0.1081 unit decrease"	[0.074-0.142]	THADA	"Polycystic ovary syndrome"	"polycystic ovary syndrome"	-	GCST007089	2:43334641	30566500	"Day F"
rs2178575-A	3E-14	-	0.15	-	"0.1663 unit increase"	[0.12-0.21]	ERBB4	"Polycystic ovary syndrome"	"polycystic ovary syndrome"	-	GCST007089	2:212527042	30566500	"Day F"
rs13164856-T	1E-10	-	0.73	-	"0.1235 unit increase"	[0.086-0.161]	IRF1,CARINH	"Polycystic ovary syndrome"	"polycystic ovary syndrome"	-	GCST007089	5:132477512	30566500	"Day F"
rs804279-A	4E-12	-	0.26	-	"0.1276 unit increase"	[0.092-0.164]	NEIL2,GATA4	"Polycystic ovary syndrome"	"polycystic ovary syndrome"	-	GCST007089	8:11766380	30566500	"Day F"
rs10739076-A	3E-8	-	0.31	-	"0.1097 unit increase"	[0.071-0.148]	CD274,PLGRKT	"Polycystic ovary syndrome"	"polycystic ovary syndrome"	-	GCST007089	9:5440589	30566500	"Day F"
rs7864171-A	3E-8	-	0.43	-	"0.0933 unit decrease"	[0.06-0.126]	AOPEP	"Polycystic ovary syndrome"	"polycystic ovary syndrome"	-	GCST007089	9:94960984	30566500	"Day F"
rs9696009-A	8E-11	-	0.07	-	"0.202 unit increase"	[0.14-0.26]	DENND1A	"Polycystic ovary syndrome"	"polycystic ovary syndrome"	-	GCST007089	9:123856954	30566500	"Day F"
rs11031005-T	9E-13	-	0.85	-	"0.1593 unit decrease"	[0.12-0.2]	ARL14EP-DT	"Polycystic ovary syndrome"	"polycystic ovary syndrome"	-	GCST007089	11:30204809	30566500	"Day F"
rs11225154-A	5E-11	-	0.09	-	"0.1787 unit increase"	[0.13-0.23]	YAP1	"Polycystic ovary syndrome"	"polycystic ovary syndrome"	-	GCST007089	11:102172509	30566500	"Day F"
rs1784692-T	2E-10	-	0.82	-	"0.1438 unit increase"	[0.1-0.188]	ZBTB16	"Polycystic ovary syndrome"	"polycystic ovary syndrome"	-	GCST007089	11:114078510	30566500	"Day F"
rs2271194-A	5E-9	-	0.42	-	"0.0971 unit increase"	[0.065-0.13]	ERBB3	"Polycystic ovary syndrome"	"polycystic ovary syndrome"	-	GCST007089	12:56083910	30566500	"Day F"
rs1795379-T	2E-9	-	0.24	-	"0.1174 unit decrease"	[0.079-0.156]	KRR1,RPL10P13	"Polycystic ovary syndrome"	"polycystic ovary syndrome"	-	GCST007089	12:75547262	30566500	"Day F"
rs8043701-A	1E-9	-	0.82	-	"0.1273 unit decrease"	[0.087-0.168]	TOX3,CASC22	"Polycystic ovary syndrome"	"polycystic ovary syndrome"	-	GCST007089	16:52341865	30566500	"Day F"
rs853854-T	2E-9	-	0.5	-	"0.0975 unit decrease"	[0.066-0.129]	MAPRE1	"Polycystic ovary syndrome"	"polycystic ovary syndrome"	-	GCST007089	20:32832951	30566500	"Day F"
